{
  "train_rows": 5454,
  "evaluated_blocks": 546,
  "weighted_rmse_model_a": 21.159969984634685,
  "weighted_rmse_model_b": 16.61944450464235,
  "weighted_mae_model_a": 19.502721340093967,
  "weighted_mae_model_b": 14.315276014569735,
  "best_params_a": {
    "hidden_dim": 32,
    "num_layers": 1,
    "lr": 0.005,
    "num_epochs": 50,
    "batch_size": 32,
    "val_rmse_scaled": 0.11736460849104348
  },
  "best_params_b": {
    "hidden_dim": 32,
    "num_layers": 2,
    "lr": 0.005,
    "num_epochs": 50,
    "batch_size": 32,
    "val_rmse_scaled": 0.13254935695518236
  },
  "better_model": "B"
}