trial,hidden_dim,lr,dropout,batch_size,epochs,patience,val_rmse_scaled,duration_sec
6,96,0.0003,0.1,32,40,8,0.4434251466415055,1.3114349842071533
1,48,0.0005,0.3,32,40,8,0.4435149700607578,1.9264039993286133
13,16,0.002,0.1,32,40,8,0.44383351952298017,5.424710273742676
23,96,0.0005,0.1,32,40,8,0.4439794562638766,1.319277048110962
17,16,0.0003,0.2,32,40,8,0.4442338583690445,4.217668294906616
18,16,0.0015,0.2,32,40,8,0.4443302818908553,5.392278671264648
3,96,0.001,0.2,32,40,8,0.4445221814536221,1.3181719779968262
11,96,0.0003,0.3,32,40,8,0.4457146040963121,2.0464560985565186
9,96,0.0005,0.3,32,40,8,0.4466438779024013,1.7512898445129395
12,16,0.0003,0.3,32,40,8,0.4466950399569965,4.532765865325928
19,96,0.0003,0.3,64,40,8,0.44751294556865107,1.0394401550292969
5,96,0.0003,0.2,64,40,8,0.4479896627779796,0.8664541244506836
7,48,0.0015,0.2,64,40,8,0.44858907437387474,0.6161682605743408
8,64,0.001,0.2,64,40,8,0.44877758961729364,0.6855628490447998
15,96,0.0005,0.2,64,40,8,0.4492763503090652,0.7589056491851807
2,48,0.0015,0.1,64,40,8,0.4507171705143314,0.634213924407959
10,32,0.0003,0.2,64,40,8,0.45097965216290753,1.7137022018432617
21,32,0.0005,0.1,64,40,8,0.45110161345683697,1.4882829189300537
16,16,0.002,0.1,64,40,8,0.4515400144232133,1.3717620372772217
14,64,0.0015,0.2,64,40,8,0.4517584637028231,0.7412762641906738
20,48,0.002,0.1,64,40,8,0.4518929288929458,0.6857891082763672
24,64,0.0003,0.1,64,40,8,0.45229930091046827,1.2783129215240479
22,96,0.0015,0.3,64,40,8,0.45250046581499875,0.7752559185028076
4,16,0.0003,0.2,64,40,8,0.4556904998906054,3.9377920627593994
