trial,hidden_dim,lr,dropout,batch_size,epochs,patience,val_rmse_scaled,duration_sec
17,16,0.0003,0.2,32,40,8,0.48607818891288246,9.77820897102356
6,96,0.0003,0.1,32,40,8,0.4862614390601637,4.702069997787476
13,16,0.002,0.1,32,40,8,0.4863171403862295,8.811847925186157
3,96,0.001,0.2,32,40,8,0.4863644957826013,4.647503852844238
18,16,0.0015,0.2,32,40,8,0.4864544352079821,4.248555660247803
11,96,0.0003,0.3,32,40,8,0.4864714173937135,5.452181100845337
12,16,0.0003,0.3,32,40,8,0.486611273503989,10.527063131332397
1,48,0.0005,0.3,32,40,8,0.48662681025041704,7.642219066619873
2,48,0.0015,0.1,64,40,8,0.48669967552759735,3.8142378330230713
23,96,0.0005,0.1,32,40,8,0.48672042061104176,4.15442419052124
21,32,0.0005,0.1,64,40,8,0.48674796033617057,4.757683992385864
5,96,0.0003,0.2,64,40,8,0.48687502891628587,2.6948747634887695
9,96,0.0005,0.3,32,40,8,0.48693751145939257,4.522887706756592
20,48,0.002,0.1,64,40,8,0.4869486591826523,2.864912271499634
7,48,0.0015,0.2,64,40,8,0.48699244737790304,2.0305681228637695
19,96,0.0003,0.3,64,40,8,0.4869987704841164,2.6836130619049072
10,32,0.0003,0.2,64,40,8,0.4870218010121336,4.380782842636108
14,64,0.0015,0.2,64,40,8,0.48723044584817565,2.57993483543396
24,64,0.0003,0.1,64,40,8,0.48725968728385793,2.7272138595581055
8,64,0.001,0.2,64,40,8,0.4873387663092007,2.2970690727233887
15,96,0.0005,0.2,64,40,8,0.48746687611507616,2.409245729446411
4,16,0.0003,0.2,64,40,8,0.48748326211707715,9.086557865142822
22,96,0.0015,0.3,64,40,8,0.48749937246966935,3.3835878372192383
16,16,0.002,0.1,64,40,8,0.4875806359701806,3.078075885772705
