feature,rf_importance,mean_abs_shap
policy_spread,0.02716459876256499,27.56767874195385
M2_KOR,0.9626085930277025,18.41050326059135
M2_USA,0.010226808209732341,11.86832583798571
