{
  "train_rows": 5454,
  "evaluated_blocks": 546,
  "weighted_rmse_model_a": 15.072863100638477,
  "weighted_rmse_model_b": 14.889185344910562,
  "weighted_mae_model_a": 13.230249569561549,
  "weighted_mae_model_b": 13.256774286787701,
  "best_params_a": {
    "hidden_dim": 32,
    "num_layers": 1,
    "lr": 0.005,
    "num_epochs": 50,
    "batch_size": 32,
    "val_rmse_scaled": 0.11736460849104348
  },
  "best_params_b": {
    "hidden_dim": 64,
    "num_layers": 1,
    "lr": 0.001,
    "num_epochs": 50,
    "batch_size": 32,
    "val_rmse_scaled": 0.17394806398704743
  },
  "better_model": "B"
}