{
  "train_rows": 5454,
  "evaluated_blocks": 4,
  "weighted_rmse_model_a": 31.832100122332967,
  "weighted_rmse_model_b": 40.060334414694196,
  "weighted_mae_model_a": 28.63770387906584,
  "weighted_mae_model_b": 37.76402121878898,
  "best_params_a": {
    "hidden_dim": 32,
    "num_layers": 1,
    "lr": 0.005,
    "num_epochs": 50,
    "batch_size": 32,
    "val_rmse_scaled": 0.11736460849104348
  },
  "best_params_b": {
    "hidden_dim": 64,
    "num_layers": 1,
    "lr": 0.001,
    "num_epochs": 50,
    "batch_size": 32,
    "val_rmse_scaled": 0.17394806398704743
  },
  "better_model": "A"
}