feature,importance_baseline,importance_anomaly,delta_anomaly_minus_baseline
policy_spread,0.0191891178261186,0.02716459876256499,0.00797548093644639
M2_USA,0.011728538895266533,0.010226808209732341,-0.0015017306855341916
M2_KOR,0.969082343278615,0.9626085930277025,-0.006473750250912458
