feature,coef_baseline,coef_anomaly,delta_anomaly_minus_baseline
M2_KOR,-2.4992975996349658e-06,-1.3304845933614885e-05,-1.0805548333979919e-05
M2_USA,0.011785446127743186,0.012762900814926415,0.0009774546871832296
policy_spread,29.75308915041497,39.90687514272131,10.153785992306343
