{
  "baseline": {
    "rows": 7814,
    "train_rows": 6251,
    "test_rows": 1563,
    "rf_r2": -1.3609928622407192,
    "linear_r2": -1.5601369973266204
  },
  "anomaly": {
    "rows": 3588,
    "train_rows": 2870,
    "test_rows": 718,
    "rf_r2": -0.895958586178343,
    "linear_r2": -1.9926764372209327
  }
}