feature,rf_importance,mean_abs_shap
M2_KOR,0.969082343278615,42.44324142821015
policy_spread,0.0191891178261186,19.378381482096007
M2_USA,0.011728538895266533,3.4558826970350824
