Hypothesis,Lag,F-Stat,p-value,Result
FX -> M2,1,0.0955625221625266,0.7572432909633898,Not Significant
M2 -> FX,1,12.430456582750542,0.0004288946730878125,Significant
FX -> M2,2,0.12225198215125387,0.8849298950003383,Not Significant
M2 -> FX,2,25.7423080164663,8.277604618830496e-12,Significant
FX -> M2,3,0.5040294612949721,0.679513801410209,Not Significant
M2 -> FX,3,19.732978200531186,1.1617508435342505e-12,Significant
