source_model,daily_available_rmse,daily_available_mae,daily_direction_accuracy,monthly_direction_accuracy,downstream_avg_rmse,available_daily_rows,available_months,eligible_final,mae_anomaly_concatenated_blocks,mae_full_1995_2026,rmse_anomaly_concatenated_blocks,rmse_full_1995_2026,selection_score,selected
hybrid_m2_model_a,18.094818184883955,7.343933483458614,0.51619644723093,0.8436482084690554,1448.9627400801169,2453,308,True,7.4128465822577985,4.920941438053748,13.083804560954682,6.868168621322237,7.0,True
hybrid_mmf_model_a,18.103439640209846,7.5287463148819604,0.5167189132706375,0.8469055374592834,1449.5260776055284,2453,308,True,7.431874352239741,4.932987507237966,13.079950563644323,6.933491999193211,10.0,False
hybrid_m2_model_b,18.161889699784073,7.440849112345451,0.5193312434691745,0.8469055374592834,1448.431299247221,2453,308,True,7.529388952877258,4.8981247754140265,13.155283832849667,6.883131927362302,10.0,False
hybrid_mmf_model_b,17.30212751288392,7.464838621254341,0.5141065830721003,0.8566775244299675,1449.8525074741221,2453,308,True,8.59490154495347,5.216498779294402,13.840096178421165,7.103967708541253,13.0,False
hybrid_mmf_arima,18.105833653547574,7.3336831607299,0.5182863113897597,0.8436482084690554,1449.000937562259,2453,308,False,,,,,,False
hybrid_m2_naive,18.249636086370522,7.175743986954749,0.5083594566353187,0.8501628664495114,1450.9425406440923,2453,308,False,,,,,,False
